fold,segment,MAE,RMSE,MAPE,R2,accuracy,coverage_95,avg_width
1,Low,2.7942983009220947,5.082947751213786,9618361.60420509,0.7500093581850403,36.08420268256334,94.22503725782414,12.335951805114746
