fold,segment,MAE,RMSE,MAPE,R2,accuracy,coverage_95,avg_width
3,Low,3.179068666949726,8.396434550753195,17940927.919670966,0.7223952775400734,32.64296187683284,95.67448680351906,15.407675743103027
