fold,segment,MAE,RMSE,MAPE,R2,accuracy,coverage_95,avg_width
2,Low,3.0257592388593917,5.751107198457184,14087854.766075112,0.6920337880453338,33.364381520119224,93.90834575260804,13.252934455871582
