fold,segment,MAE,RMSE,MAPE,R2,accuracy,coverage_95,avg_width
5,Low,3.4809371317736804,7.968131123179913,11962635.282867238,0.5822022986137902,34.791666666666664,92.8409090909091,13.461718559265137
