fold,segment,MAE,RMSE,MAPE,R2,accuracy,coverage_95,avg_width
4,Low,3.39420182312854,6.773156171965993,10418425.210894309,0.6955209943414024,35.24590163934426,93.31222056631893,14.19832706451416
